CREATE DATABASE  IF NOT EXISTS `hcc`;
USE `hcc`;

LOCK TABLES `country` WRITE;
INSERT INTO `country`
VALUES ('001',N'臺灣',N'台湾',N'TAIWAN',N'台湾',N'ไต้หวัน','sysOP','20210521000000','sysOP','20210521000000')
;
INSERT INTO `country`
VALUES ('002',N'中國',N'中国',N'CHINA',N'中国',N'ประเทศจีน','sysOP','20210521000000','sysOP','20210521000000')
;
INSERT INTO `country`
VALUES ('003',N'美國',N'美国',N'United States',N'アメリカ',N'สหรัฐ','sysOP','20210521000000','sysOP','20210521000000')
;
INSERT INTO `country`
VALUES ('004',N'日本',N'日本',N'JAPAN',N'日本',N'ญี่ปุ่น','sysOP','20210521000000','sysOP','20210521000000')
;
INSERT INTO `country`
VALUES ('005',N'泰國',N'泰国',N'Thailand',N'タイ',N'ประเทศไทย','sysOP','20210521000000','sysOP','20210521000000')
;
INSERT INTO `country` VALUES ('006',N'阿爾巴尼亞',N'',N'Albania',N'',N'','sysOP','20210521000000','sysOP','20210521000000')
;
INSERT INTO `country` VALUES ('007',N'剛果',N'',N'Dem Rep of Congo',N'',N'','sysOP','20210521000000','sysOP','20210521000000')
;
INSERT INTO `country` VALUES ('008',N'阿爾及利亞',N'',N'Algeria',N'',N'','sysOP','20210521000000','sysOP','20210521000000')
;
INSERT INTO `country` VALUES ('009',N'丹麥',N'',N'Denmark',N'',N'','sysOP','20210521000000','sysOP','20210521000000')
;
INSERT INTO `country` VALUES ('010',N'安哥拉',N'',N'Angola',N'',N'','sysOP','20210521000000','sysOP','20210521000000')
;
INSERT INTO `country` VALUES ('011',N'多明尼加',N'',N'Dominican Rep.',N'',N'','sysOP','20210521000000','sysOP','20210521000000')
;
INSERT INTO `country` VALUES ('012',N'安圭拉',N'',N'DOAnguilla',N'',N'','sysOP','20210521000000','sysOP','20210521000000')
;
INSERT INTO `country` VALUES ('013',N'多米尼克',N'',N'Dominica (Commonwealth of)',N'',N'','sysOP','20210521000000','sysOP','20210521000000')
;
INSERT INTO `country` VALUES ('014',N'阿根廷',N'',N'Argentina',N'',N'','sysOP','20210521000000','sysOP','20210521000000')
;
INSERT INTO `country` VALUES ('015',N'厄瓜多爾',N'',N'Ecuador',N'',N'','sysOP','20210521000000','sysOP','20210521000000')
;
INSERT INTO `country` VALUES ('016',N'亞美尼亞',N'',N'Armenia',N'',N'','sysOP','20210521000000','sysOP','20210521000000')
;
INSERT INTO `country` VALUES ('017',N'埃及',N'',N'Egypt',N'',N'','sysOP','20210521000000','sysOP','20210521000000')
;
INSERT INTO `country` VALUES ('018',N'阿路巴',N'',N'Aruba',N'',N'','sysOP','20210521000000','sysOP','20210521000000')
;
INSERT INTO `country` VALUES ('019',N'薩爾瓦多',N'',N'El Salvador',N'',N'','sysOP','20210521000000','sysOP','20210521000000')
;
INSERT INTO `country` VALUES ('020',N'澳大利亞',N'',N'Australia',N'',N'','sysOP','20210521000000','sysOP','20210521000000')
;
INSERT INTO `country` VALUES ('021',N'厄利垂亞',N'',N'Eritrea',N'',N'','sysOP','20210521000000','sysOP','20210521000000')
;
INSERT INTO `country` VALUES ('022',N'奧地利',N'',N'Austria',N'',N'','sysOP','20210521000000','sysOP','20210521000000')
;
INSERT INTO `country` VALUES ('023',N'愛沙尼亞',N'',N'Estonia',N'',N'','sysOP','20210521000000','sysOP','20210521000000')
;
INSERT INTO `country` VALUES ('024',N'亞塞拜然',N'',N'Azerbaijan',N'',N'','sysOP','20210521000000','sysOP','20210521000000')
;
INSERT INTO `country` VALUES ('025',N'衣索匹亞',N'',N'Ethiopia',N'',N'','sysOP','20210521000000','sysOP','20210521000000')
;
INSERT INTO `country` VALUES ('026',N'巴哈馬',N'',N'Bahamas',N'',N'','sysOP','20210521000000','sysOP','20210521000000')
;
INSERT INTO `country` VALUES ('027',N'斐濟',N'',N'Fiji',N'',N'','sysOP','20210521000000','sysOP','20210521000000')
;
INSERT INTO `country` VALUES ('028',N'巴林',N'',N'Bahrain',N'',N'','sysOP','20210521000000','sysOP','20210521000000')
;
INSERT INTO `country` VALUES ('029',N'芬蘭',N'',N'Finland',N'',N'','sysOP','20210521000000','sysOP','20210521000000')
;
INSERT INTO `country` VALUES ('030',N'孟加拉',N'',N'Bangladesh',N'',N'','sysOP','20210521000000','sysOP','20210521000000')
;
INSERT INTO `country` VALUES ('031',N'法屬玻里尼西亞',N'',N'French Polynesia',N'',N'','sysOP','20210521000000','sysOP','20210521000000')
;
INSERT INTO `country` VALUES ('032',N'法國',N'',N'France',N'',N'','sysOP','20210521000000','sysOP','20210521000000')
;
INSERT INTO `country` VALUES ('033',N'巴貝多',N'',N'Barbados',N'',N'','sysOP','20210521000000','sysOP','20210521000000')
;
INSERT INTO `country` VALUES ('034',N'加彭',N'',N'Gabon',N'',N'','sysOP','20210521000000','sysOP','20210521000000')
;
INSERT INTO `country` VALUES ('035',N'白俄羅斯',N'',N'Belarus',N'',N'','sysOP','20210521000000','sysOP','20210521000000')
;
INSERT INTO `country` VALUES ('036',N'喬治亞',N'',N'Georgia',N'',N'','sysOP','20210521000000','sysOP','20210521000000')
;
INSERT INTO `country` VALUES ('037',N'比利時',N'',N'Belgium',N'',N'','sysOP','20210521000000','sysOP','20210521000000')
;
INSERT INTO `country` VALUES ('038',N'德國',N'',N'Germany',N'',N'','sysOP','20210521000000','sysOP','20210521000000')
;
INSERT INTO `country` VALUES ('039',N'貝里斯',N'',N'Belize',N'',N'','sysOP','20210521000000','sysOP','20210521000000')
;
INSERT INTO `country` VALUES ('040',N'迦納',N'',N'Ghana',N'',N'','sysOP','20210521000000','sysOP','20210521000000')
;
INSERT INTO `country` VALUES ('041',N'貝南',N'',N'Benin',N'',N'','sysOP','20210521000000','sysOP','20210521000000')
;
INSERT INTO `country` VALUES ('042',N'直布羅陀',N'',N'Gibraltar',N'',N'','sysOP','20210521000000','sysOP','20210521000000')
;
INSERT INTO `country` VALUES ('043',N'百慕達',N'',N'Bermuda',N'',N'','sysOP','20210521000000','sysOP','20210521000000')
;
INSERT INTO `country` VALUES ('044',N'英國',N'',N'UnitedKingdomOfGreatBritainandNorthernIreland',N'',N'','sysOP','20210521000000','sysOP','20210521000000')
;
INSERT INTO `country` VALUES ('045',N'不丹',N'',N'Bhutan',N'',N'','sysOP','20210521000000','sysOP','20210521000000')
;
INSERT INTO `country` VALUES ('046',N'希臘',N'',N'Greece',N'',N'','sysOP','20210521000000','sysOP','20210521000000')
;
INSERT INTO `country` VALUES ('047',N'玻利維亞',N'',N'Bolivia',N'',N'','sysOP','20210521000000','sysOP','20210521000000')
;
INSERT INTO `country` VALUES ('048',N'格瑞那達',N'',N'Grenada',N'',N'','sysOP','20210521000000','sysOP','20210521000000')
;
INSERT INTO `country` VALUES ('049',N'波希尼亞及赫塞哥維那',N'',N'Bosnia and Herzegovina',N'',N'','sysOP','20210521000000','sysOP','20210521000000')
;
INSERT INTO `country` VALUES ('050',N'瓜地馬拉',N'',N'Guatemala',N'',N'','sysOP','20210521000000','sysOP','20210521000000')
;
INSERT INTO `country` VALUES ('051',N'波札那',N'',N'Botswana',N'',N'','sysOP','20210521000000','sysOP','20210521000000')
;
INSERT INTO `country` VALUES ('052',N'幾內亞',N'',N'Guinea',N'',N'','sysOP','20210521000000','sysOP','20210521000000')
;
INSERT INTO `country` VALUES ('053',N'巴西',N'',N'Brazil',N'',N'','sysOP','20210521000000','sysOP','20210521000000')
;
INSERT INTO `country` VALUES ('054',N'蓋亞那',N'',N'Guyana',N'',N'','sysOP','20210521000000','sysOP','20210521000000')
;
INSERT INTO `country` VALUES ('055',N'汶萊',N'',N'Brunei Darussalam',N'',N'','sysOP','20210521000000','sysOP','20210521000000')
;
INSERT INTO `country` VALUES ('056',N'海地',N'',N'Haiti',N'',N'','sysOP','20210521000000','sysOP','20210521000000')
;
INSERT INTO `country` VALUES ('057',N'保加利亞',N'',N'Bulgaria',N'',N'','sysOP','20210521000000','sysOP','20210521000000')
;
INSERT INTO `country` VALUES ('058',N'宏都拉斯',N'',N'Honduras',N'',N'','sysOP','20210521000000','sysOP','20210521000000')
;
INSERT INTO `country` VALUES ('059',N'布吉納法索',N'',N'Burkina Faso',N'',N'','sysOP','20210521000000','sysOP','20210521000000')
;
INSERT INTO `country` VALUES ('060',N'香港',N'',N'Hong Kong',N'',N'','sysOP','20210521000000','sysOP','20210521000000')
;
INSERT INTO `country` VALUES ('061',N'蒲隆地',N'',N'Burundi',N'',N'','sysOP','20210521000000','sysOP','20210521000000')
;
INSERT INTO `country` VALUES ('062',N'匈牙利',N'',N'Hungary',N'',N'','sysOP','20210521000000','sysOP','20210521000000')
;
INSERT INTO `country` VALUES ('063',N'柬埔寨',N'',N'Cambodia',N'',N'','sysOP','20210521000000','sysOP','20210521000000')
;
INSERT INTO `country` VALUES ('064',N'冰島',N'',N'Iceland',N'',N'','sysOP','20210521000000','sysOP','20210521000000')
;
INSERT INTO `country` VALUES ('065',N'喀麥隆',N'',N'Cameroon',N'',N'','sysOP','20210521000000','sysOP','20210521000000')
;
INSERT INTO `country` VALUES ('066',N'印度',N'',N'India',N'',N'','sysOP','20210521000000','sysOP','20210521000000')
;
INSERT INTO `country` VALUES ('067',N'加拿大',N'',N'Canada',N'',N'','sysOP','20210521000000','sysOP','20210521000000')
;
INSERT INTO `country` VALUES ('068',N'印尼',N'',N'Indonesia',N'',N'','sysOP','20210521000000','sysOP','20210521000000')
;
INSERT INTO `country` VALUES ('069',N'維德角島',N'',N'Cape Verde',N'',N'','sysOP','20210521000000','sysOP','20210521000000')
;
INSERT INTO `country` VALUES ('070',N'伊朗',N'',N'Iran',N'',N'','sysOP','20210521000000','sysOP','20210521000000')
;
INSERT INTO `country` VALUES ('071',N'開曼群島',N'',N'Cayman Islands',N'',N'','sysOP','20210521000000','sysOP','20210521000000')
;
INSERT INTO `country` VALUES ('072',N'伊拉克',N'',N'Iraq',N'',N'','sysOP','20210521000000','sysOP','20210521000000')
;
INSERT INTO `country` VALUES ('073',N'中非共和國',N'',N'Central African Rep',N'',N'','sysOP','20210521000000','sysOP','20210521000000')
;
INSERT INTO `country` VALUES ('074',N'愛爾蘭',N'',N'Ireland',N'',N'','sysOP','20210521000000','sysOP','20210521000000')
;
INSERT INTO `country` VALUES ('075',N'查德',N'',N'Chad',N'',N'','sysOP','20210521000000','sysOP','20210521000000')
;
INSERT INTO `country` VALUES ('076',N'以色列',N'',N'Israel',N'',N'','sysOP','20210521000000','sysOP','20210521000000')
;
INSERT INTO `country` VALUES ('077',N'智利',N'',N'Chile',N'',N'','sysOP','20210521000000','sysOP','20210521000000')
;
INSERT INTO `country` VALUES ('078',N'義大利',N'',N'Italy',N'',N'','sysOP','20210521000000','sysOP','20210521000000')
;
INSERT INTO `country` VALUES ('079',N'牙買加',N'',N'Jamaica',N'',N'','sysOP','20210521000000','sysOP','20210521000000')
;
INSERT INTO `country` VALUES ('080',N'哥倫比亞',N'',N'Colombia',N'',N'','sysOP','20210521000000','sysOP','20210521000000')
;
INSERT INTO `country` VALUES ('081',N'剛果',N'',N'Congo',N'',N'','sysOP','20210521000000','sysOP','20210521000000')
;
INSERT INTO `country` VALUES ('082',N'約旦',N'',N'Jordan',N'',N'','sysOP','20210521000000','sysOP','20210521000000')
;
INSERT INTO `country` VALUES ('083',N'科克群島',N'',N'Cook Islands',N'',N'','sysOP','20210521000000','sysOP','20210521000000')
;
INSERT INTO `country` VALUES ('084',N'肯亞',N'',N'Kenya',N'',N'','sysOP','20210521000000','sysOP','20210521000000')
;
INSERT INTO `country` VALUES ('085',N'哥斯大黎加',N'',N'Costa Rica',N'',N'','sysOP','20210521000000','sysOP','20210521000000')
;
INSERT INTO `country` VALUES ('086',N'韓國',N'',N'Korea',N'',N'','sysOP','20210521000000','sysOP','20210521000000')
;
INSERT INTO `country` VALUES ('087',N'象牙海岸',N'',N'Cote dIvoire (Rep)',N'',N'','sysOP','20210521000000','sysOP','20210521000000')
;
INSERT INTO `country` VALUES ('088',N'科威特',N'',N'Kuwait',N'',N'','sysOP','20210521000000','sysOP','20210521000000')
;
INSERT INTO `country` VALUES ('089',N'克羅埃西亞',N'',N'Croatia',N'',N'','sysOP','20210521000000','sysOP','20210521000000')
;
INSERT INTO `country` VALUES ('090',N'寮國',N'',N'Lao',N'',N'','sysOP','20210521000000','sysOP','20210521000000')
;
INSERT INTO `country` VALUES ('091',N'塞浦路斯',N'',N'Cyprus',N'',N'','sysOP','20210521000000','sysOP','20210521000000')
;
INSERT INTO `country` VALUES ('092',N'拉脫維亞',N'',N'Latvia',N'',N'','sysOP','20210521000000','sysOP','20210521000000')
;
INSERT INTO `country` VALUES ('093',N'捷克',N'',N'Czech (Rep)',N'',N'','sysOP','20210521000000','sysOP','20210521000000')
;
INSERT INTO `country` VALUES ('094',N'賴索托',N'',N'Lesotho',N'',N'','sysOP','20210521000000','sysOP','20210521000000')
;
INSERT INTO `country` VALUES ('095',N'盧森堡',N'',N'Luxembourg',N'',N'','sysOP','20210521000000','sysOP','20210521000000')
;
INSERT INTO `country` VALUES ('096',N'聖露西亞',N'',N'Saint Lucia',N'',N'','sysOP','20210521000000','sysOP','20210521000000')
;
INSERT INTO `country` VALUES ('097',N'澳門',N'',N'Macao',N'',N'','sysOP','20210521000000','sysOP','20210521000000')
;
INSERT INTO `country` VALUES ('098',N'聖文森及格瑞那丁',N'',N'Saint Vincent and the Grenadines',N'',N'','sysOP','20210521000000','sysOP','20210521000000')
;
INSERT INTO `country` VALUES ('099',N'馬其頓',N'',N'Macedonia',N'',N'','sysOP','20210521000000','sysOP','20210521000000')
;
INSERT INTO `country` VALUES ('100',N'聖多美及普林西比',N'',N'Sao Tome and Principe',N'',N'','sysOP','20210521000000','sysOP','20210521000000')
;
INSERT INTO `country` VALUES ('101',N'馬達加斯加',N'',N'Madagascar',N'',N'','sysOP','20210521000000','sysOP','20210521000000')
;
INSERT INTO `country` VALUES ('102',N'沙烏地阿拉伯',N'',N'Saudi Arabia',N'',N'','sysOP','20210521000000','sysOP','20210521000000')
;
INSERT INTO `country` VALUES ('103',N'馬拉威',N'',N'Malawi',N'',N'','sysOP','20210521000000','sysOP','20210521000000')
;
INSERT INTO `country` VALUES ('104',N'塞內加爾',N'',N'Senegal',N'',N'','sysOP','20210521000000','sysOP','20210521000000')
;
INSERT INTO `country` VALUES ('105',N'馬來西亞',N'',N'Malaysia',N'',N'','sysOP','20210521000000','sysOP','20210521000000')
;
INSERT INTO `country` VALUES ('106',N'塞席爾',N'',N'Seychelles',N'',N'','sysOP','20210521000000','sysOP','20210521000000')
;
INSERT INTO `country` VALUES ('107',N'馬爾地夫',N'',N'Maldives',N'',N'','sysOP','20210521000000','sysOP','20210521000000')
;
INSERT INTO `country` VALUES ('108',N'獅子山',N'',N'Sierra Leone',N'',N'','sysOP','20210521000000','sysOP','20210521000000')
;
INSERT INTO `country` VALUES ('109',N'馬利',N'',N'Mali',N'',N'','sysOP','20210521000000','sysOP','20210521000000')
;
INSERT INTO `country` VALUES ('110',N'新加坡',N'',N'Singapore',N'',N'','sysOP','20210521000000','sysOP','20210521000000')
;
INSERT INTO `country` VALUES ('111',N'馬爾他',N'',N'Malta',N'',N'','sysOP','20210521000000','sysOP','20210521000000')
;
INSERT INTO `country` VALUES ('112',N'斯洛伐克',N'',N'Slovakia',N'',N'','sysOP','20210521000000','sysOP','20210521000000')
;
INSERT INTO `country` VALUES ('113',N'模里西斯',N'',N'Mauritius',N'',N'','sysOP','20210521000000','sysOP','20210521000000')
;
INSERT INTO `country` VALUES ('114',N'斯洛維尼亞',N'',N'Slovenia',N'',N'','sysOP','20210521000000','sysOP','20210521000000')
;
INSERT INTO `country` VALUES ('115',N'茅利塔尼亞',N'',N'Mauritania',N'',N'','sysOP','20210521000000','sysOP','20210521000000')
;
INSERT INTO `country` VALUES ('116',N'索羅門群島',N'',N'Solomon Islands',N'',N'','sysOP','20210521000000','sysOP','20210521000000')
;
INSERT INTO `country` VALUES ('117',N'墨西哥',N'',N'Mexico',N'',N'','sysOP','20210521000000','sysOP','20210521000000')
;
INSERT INTO `country` VALUES ('118',N'索馬利亞',N'',N'Somalia',N'',N'','sysOP','20210521000000','sysOP','20210521000000')
;
INSERT INTO `country` VALUES ('119',N'摩爾多瓦',N'',N'Moldova',N'',N'','sysOP','20210521000000','sysOP','20210521000000')
;
INSERT INTO `country` VALUES ('120',N'南非',N'',N'South Africa',N'',N'','sysOP','20210521000000','sysOP','20210521000000')
;
INSERT INTO `country` VALUES ('121',N'蒙古',N'',N'Mongolia',N'',N'','sysOP','20210521000000','sysOP','20210521000000')
;
INSERT INTO `country` VALUES ('122',N'西班牙',N'',N'Spain',N'',N'','sysOP','20210521000000','sysOP','20210521000000')
;
INSERT INTO `country` VALUES ('123',N'摩洛哥',N'',N'Morocco',N'',N'','sysOP','20210521000000','sysOP','20210521000000')
;
INSERT INTO `country` VALUES ('124',N'斯里蘭卡',N'',N'Sri Lanka',N'',N'','sysOP','20210521000000','sysOP','20210521000000')
;
INSERT INTO `country` VALUES ('125',N'緬甸',N'',N'Myanmar',N'',N'','sysOP','20210521000000','sysOP','20210521000000')
;
INSERT INTO `country` VALUES ('126',N'蘇丹',N'',N'Sudan',N'',N'','sysOP','20210521000000','sysOP','20210521000000')
;
INSERT INTO `country` VALUES ('127',N'納米比亞',N'',N'Namibia',N'',N'','sysOP','20210521000000','sysOP','20210521000000')
;
INSERT INTO `country` VALUES ('128',N'蘇利南',N'',N'Suriname',N'',N'','sysOP','20210521000000','sysOP','20210521000000')
;
INSERT INTO `country` VALUES ('129',N'諾魯',N'',N'Nauru',N'',N'','sysOP','20210521000000','sysOP','20210521000000')
;
INSERT INTO `country` VALUES ('130',N'史瓦濟蘭',N'',N'Swaziland',N'',N'','sysOP','20210521000000','sysOP','20210521000000')
;
INSERT INTO `country` VALUES ('131',N'尼泊爾',N'',N'Nepal',N'',N'','sysOP','20210521000000','sysOP','20210521000000')
;
INSERT INTO `country` VALUES ('132',N'瑞典',N'',N'Sweden',N'',N'','sysOP','20210521000000','sysOP','20210521000000')
;
INSERT INTO `country` VALUES ('133',N'荷蘭',N'',N'Netherlands',N'',N'','sysOP','20210521000000','sysOP','20210521000000')
;
INSERT INTO `country` VALUES ('134',N'瑞士',N'',N'Switzerland',N'',N'','sysOP','20210521000000','sysOP','20210521000000')
;
INSERT INTO `country` VALUES ('135',N'新喀里多尼亞',N'',N'New Caledonia',N'',N'','sysOP','20210521000000','sysOP','20210521000000')
;
INSERT INTO `country` VALUES ('136',N'敘利亞',N'',N'Syrian Arab Rep',N'',N'','sysOP','20210521000000','sysOP','20210521000000')
;
INSERT INTO `country` VALUES ('137',N'紐西蘭',N'',N'New Zealand',N'',N'','sysOP','20210521000000','sysOP','20210521000000')
;
INSERT INTO `country` VALUES ('138',N'坦尚尼亞',N'',N'Tanzania',N'',N'','sysOP','20210521000000','sysOP','20210521000000')
;
INSERT INTO `country` VALUES ('139',N'尼日',N'',N'Niger',N'',N'','sysOP','20210521000000','sysOP','20210521000000')
;
INSERT INTO `country` VALUES ('140',N'奈及利亞',N'',N'Nigeria',N'',N'','sysOP','20210521000000','sysOP','20210521000000')
;
INSERT INTO `country` VALUES ('141',N'多哥',N'',N'Togo',N'',N'','sysOP','20210521000000','sysOP','20210521000000')
;
INSERT INTO `country` VALUES ('142',N'挪威',N'',N'Norway',N'',N'','sysOP','20210521000000','sysOP','20210521000000')
;
INSERT INTO `country` VALUES ('143',N'千里達及托貝哥',N'',N'Trinidad and Tobago',N'',N'','sysOP','20210521000000','sysOP','20210521000000')
;
INSERT INTO `country` VALUES ('144',N'阿曼',N'',N'Oman',N'',N'','sysOP','20210521000000','sysOP','20210521000000')
;
INSERT INTO `country` VALUES ('145',N'突尼西亞',N'',N'Tunisia',N'',N'','sysOP','20210521000000','sysOP','20210521000000')
;
INSERT INTO `country` VALUES ('146',N'巴基斯坦',N'',N'Pakistan',N'',N'','sysOP','20210521000000','sysOP','20210521000000')
;
INSERT INTO `country` VALUES ('147',N'土耳其',N'',N'Turkey',N'',N'','sysOP','20210521000000','sysOP','20210521000000')
;
INSERT INTO `country` VALUES ('148',N'巴拿馬',N'',N'Panama',N'',N'','sysOP','20210521000000','sysOP','20210521000000')
;
INSERT INTO `country` VALUES ('149',N'烏干達',N'',N'Uganda',N'',N'','sysOP','20210521000000','sysOP','20210521000000')
;
INSERT INTO `country` VALUES ('150',N'巴布亞紐幾內亞',N'',N'Papua New Guinea',N'',N'','sysOP','20210521000000','sysOP','20210521000000')
;
INSERT INTO `country` VALUES ('151',N'烏克蘭',N'',N'Ukraine',N'',N'','sysOP','20210521000000','sysOP','20210521000000')
;
INSERT INTO `country` VALUES ('152',N'巴拉圭',N'',N'Paraguay',N'',N'','sysOP','20210521000000','sysOP','20210521000000')
;
INSERT INTO `country` VALUES ('153',N'阿拉伯聯合大公國',N'',N'United Arab Emirates',N'',N'','sysOP','20210521000000','sysOP','20210521000000')
;
INSERT INTO `country` VALUES ('154',N'秘魯',N'',N'Peru',N'',N'','sysOP','20210521000000','sysOP','20210521000000')
;
INSERT INTO `country` VALUES ('155',N'菲律賓',N'',N'Philippines',N'',N'','sysOP','20210521000000','sysOP','20210521000000')
;
INSERT INTO `country` VALUES ('156',N'烏拉圭',N'',N'Uruguay',N'',N'','sysOP','20210521000000','sysOP','20210521000000')
;
INSERT INTO `country` VALUES ('157',N'波蘭',N'',N'Poland',N'',N'','sysOP','20210521000000','sysOP','20210521000000')
;
INSERT INTO `country` VALUES ('158',N'委內瑞拉',N'',N'Venezuela',N'',N'','sysOP','20210521000000','sysOP','20210521000000')
;
INSERT INTO `country` VALUES ('159',N'葡萄牙',N'',N'Portugal',N'',N'','sysOP','20210521000000','sysOP','20210521000000')
;
INSERT INTO `country` VALUES ('160',N'越南',N'',N'Vietnam',N'',N'','sysOP','20210521000000','sysOP','20210521000000')
;
INSERT INTO `country` VALUES ('161',N'卡達',N'',N'Qatar',N'',N'','sysOP','20210521000000','sysOP','20210521000000')
;
INSERT INTO `country` VALUES ('162',N'西薩摩亞',N'',N'Western Samoa',N'',N'','sysOP','20210521000000','sysOP','20210521000000')
;
INSERT INTO `country` VALUES ('163',N'羅馬尼亞',N'',N'Romania',N'',N'','sysOP','20210521000000','sysOP','20210521000000')
;
INSERT INTO `country` VALUES ('164',N'葉門',N'',N'Yemen',N'',N'','sysOP','20210521000000','sysOP','20210521000000')
;
INSERT INTO `country` VALUES ('165',N'俄羅斯',N'',N'Russia',N'',N'','sysOP','20210521000000','sysOP','20210521000000')
;
INSERT INTO `country` VALUES ('166',N'南斯拉夫',N'',N'Yugoslavia',N'',N'','sysOP','20210521000000','sysOP','20210521000000')
;
INSERT INTO `country` VALUES ('167',N'盧安達',N'',N'Rwanda',N'',N'','sysOP','20210521000000','sysOP','20210521000000')
;
INSERT INTO `country` VALUES ('168',N'尚比亞',N'',N'Zambia',N'',N'','sysOP','20210521000000','sysOP','20210521000000')
;
INSERT INTO `country` VALUES ('169',N'聖克里斯多福及尼維斯',N'',N'Saint Christopher (St. Kitts) and Nevis',N'',N'','sysOP','20210521000000','sysOP','20210521000000')
;
INSERT INTO `country` VALUES ('170',N'辛巴威',N'',N'Zimbabwe',N'',N'','sysOP','20210521000000','sysOP','20210521000000')
;
UNLOCK TABLES;

LOCK TABLES `groupmember` WRITE;
INSERT INTO `groupmember` VALUES ('A09','admin','sysOP','20210511000000','sysOP','20210511000000');
UNLOCK TABLES;

LOCK TABLES `measuretype` WRITE;
INSERT INTO `measuretype`
VALUES ('1','BT',N'體溫','°C','36',N'G失溫','37.5',N'R發燒','','','1','20210527163936');

INSERT INTO `measuretype`
VALUES ('10','SpO2',N'血氧','%','96',N'G低血氧','99','RBAD','','','10','20210520113552');

INSERT INTO `measuretype`
VALUES ('11','MBF',N'男性體脂','%','15',N'G異常','25',N'R肥胖','sysOP','202105200000','sysOP','202105200000');

INSERT INTO `measuretype`
VALUES ('12','FBF',N'女性體脂','%','20',N'G異常','30',N'R肥胖','sysOP','202105200000','sysOP','202105200000');

INSERT INTO `measuretype`
VALUES ('2','BH',N'身高','cm','130',N'G','200',N'R','','','2','20200716095923');

INSERT INTO `measuretype`
VALUES ('3','BW',N'體重','kg','50',N'G過瘦','100',N'R過胖','','','3','20210524160758');

INSERT INTO `measuretype`
VALUES ('4','BMI','BMI','','17','GBAD','20','RFAT','','','','');

INSERT INTO `measuretype`
VALUES ('5','SP',N'收縮壓','mmHg','90',N'G低血壓','160',N'R高血壓','','','','');

INSERT INTO `measuretype`
VALUES ('6','DP',N'舒張壓','mmHg','80',N'G低血壓','95',N'R高血壓','','','','');

INSERT INTO `measuretype`
VALUES ('7','Pulse',N'心跳','beats/min','60','GSLOW','69','RFAST','','','7','20200812111932');

INSERT INTO `measuretype`
VALUES ('8','AC',N'餐前血糖','mg/dL','70',N'G異常','125',N'R糖尿病','','','8','20210519093703');

INSERT INTO `measuretype`
VALUES ('9','PC',N'餐後血糖','mg/dL','70',N'G異常','170',N'R糖尿病','','','9','20200622093404');
UNLOCK TABLES;

LOCK TABLES `permissionauth` WRITE;
INSERT INTO `permissionauth` VALUES ('A10','HCC001','1','202105111135','sysOP','一般用戶','20210511152909'),('A10','HCC002','1','202105111135','sysOP','一般用戶','20210511152909'),('A10','HCC003','1','202105111135','sysOP','一般用戶','20210511152909'),('A10','HCC004','1','202105111135','sysOP','一般用戶','20210511152909'),('A10','HCC005','1','202105111135','sysOP','一般用戶','20210511152909'),('A10','HCC006','0','202105111135','sysOP','一般用戶','20210511152909'),('A10','HCC007','0','202105111135','sysOP','一般用戶','20210511152909'),('A10','HCC008','0','202105111135','sysOP','一般用戶','20210511152909'),('A10','HCC009','0','202105111135','sysOP','一般用戶','20210511152909'),('A10','HCC010','0','202105111135','sysOP','一般用戶','20210511152909'),('A09','HCC010','2','202105111135','sysOP','202105111135','sysOP'),('A09','HCC001','2','202105111135','sysOP','202105111135','sysOP'),('A09','HCC002','2','202105111135','sysOP','202105111135','sysOP'),('A09','HCC003','2','202105111135','sysOP','202105111135','sysOP'),('A09','HCC004','2','202105111135','sysOP','202105111135','sysOP'),('A09','HCC005','2','202105111135','sysOP','202105111135','sysOP'),('A09','HCC006','2','202105111135','sysOP','202105111135','sysOP'),('A09','HCC007','2','202105111135','sysOP','202105111135','sysOP'),('A09','HCC008','2','202105111135','sysOP','202105111135','sysOP'),('A09','HCC009','2','202105111135','sysOP','202105111135','sysOP'),('A07','HCC001','1','','','',''),('A07','HCC002','1','','','',''),('A07','HCC003','1','','','',''),('A07','HCC004','1','','','',''),('A07','HCC005','1','','','',''),('A07','HCC006','1','','','',''),('A07','HCC007','1','','','',''),('A07','HCC008','1','','','',''),('A07','HCC009','1','','','',''),('A07','HCC010','1','','','',''),('A08','HCC001','1','','','',''),('A08','HCC002','1','','','',''),('A08','HCC003','1','','','',''),('A08','HCC004','1','','','',''),('A08','HCC005','1','','','',''),('A08','HCC006','2','','','',''),('A08','HCC007','2','','','',''),('A08','HCC008','2','','','',''),('A08','HCC009','2','','','',''),('A08','HCC010','2','','','','');
UNLOCK TABLES;

LOCK TABLES `sysfunction` WRITE;
INSERT INTO `sysfunction` VALUES ('HCC001','設備清單','','','','','','',''),('HCC002','軟體版本管理','','','','','','',''),('HCC003','終端軟體更新','','','','','','',''),('HCC004','檢驗標準值設定','','','','','','',''),('HCC005','會員清單','','','','','','',''),('HCC006','照護清單','','','','','','',''),('HCC007','數據統計','','','','','','',''),('HCC008','管理者帳號設定','','','','','','',''),('HCC009','管理者群組管理','','','','','','',''),('HCC010','權限級別','','','','','','','');
UNLOCK TABLES;


LOCK TABLES `sysuser` WRITE;
INSERT INTO `sysuser` VALUES ('admin','b7e27f0048086c2101873c84e202aa96','44342659e741642e4b51f9b319ddc2dd','a709c8bac61baf3b7f002f888a53197d6056ed7622aa2eb16b48d4a9afba3aa5','b209a73412a6eeb65f90b149419cf248','','20210511155107','sysOP','20210527091409','','','197','','','','','27692b392d89fbf8263092ac88343933','','M','1901001',N'美國','admin');
UNLOCK TABLES;

LOCK TABLES `usergroup` WRITE;
INSERT INTO `usergroup` VALUES ('A07','特別用戶','','','','',''),('A08','管理者','','','','',''),('A09','超級管理員','','','','',''),('A10','一般用戶','','','','sysOP','20210511152909');
UNLOCK TABLES;